{
  "melody_perplexity": 5.924685943875758,
  "chord_perplexity": 3.3952286009702357,
  "homework3_perplexity": 17.96959174274292,
  "training_analysis": {
    "name": "Training Data",
    "num_sequences": 962,
    "avg_step_motion": 69.55748552522748,
    "avg_range": 7.198544698544699,
    "avg_length": 31.9989604989605,
    "interval_entropy": 3.3983275811229334,
    "pitch_entropy": 3.139501904903566,
    "melodic_smoothness": 0.6955836491063344,
    "interval_distribution": {
      "2": 3252,
      "0": 6916,
      "1": 3634,
      "-1": 3592,
      "-2": 3349,
      "3": 1909,
      "6": 350,
      "-4": 1126,
      "-5": 832,
      "7": 350,
      "-6": 298,
      "4": 1129,
      "-3": 1835,
      "-7": 291,
      "5": 851,
      "-11": 15,
      "-8": 25,
      "-9": 27,
      "-12": 22,
      "-10": 18
    },
    "pitch_range_coverage": 19
  },
  "generated_analysis": {
    "name": "Generated Melodies",
    "num_sequences": 10,
    "avg_step_motion": 97.09677419354838,
    "avg_range": 5.4,
    "avg_length": 32.0,
    "interval_entropy": 2.5057662811448114,
    "pitch_entropy": 2.600961477040595,
    "melodic_smoothness": 0.9709677419354839,
    "interval_distribution": {
      "2": 61,
      "-3": 2,
      "1": 64,
      "0": 61,
      "-1": 48,
      "-2": 67,
      "-4": 1,
      "4": 3,
      "3": 1,
      "7": 1,
      "-7": 1
    },
    "pitch_range_coverage": 11
  },
  "homework3_analysis": {
    "name": "Homework3 Training Data",
    "num_sequences": 998,
    "avg_step_motion": 56.21377722673296,
    "avg_range": 17.491983967935873,
    "avg_length": 156.9488977955912,
    "interval_entropy": 3.771822578414248,
    "pitch_entropy": 3.9923235384230935,
    "melodic_smoothness": 0.5448190340343234,
    "interval_distribution": {
      "-4": 10041,
      "4": 7871,
      "3": 10075,
      "5": 7088,
      "-3": 16053,
      "1": 11037,
      "-1": 10625,
      "-2": 25665,
      "2": 22682,
      "0": 14785,
      "-5": 4899,
      "12": 1352,
      "7": 3207,
      "-12": 821,
      "-8": 1071,
      "14": 124,
      "-7": 3223,
      "9": 1056,
      "-10": 358,
      "17": 102,
      "8": 1275,
      "-14": 92,
      "16": 125,
      "-9": 615,
      "-11": 74,
      "10": 596,
      "15": 154,
      "-6": 76,
      "11": 124,
      "6": 140,
      "-13": 11,
      "19": 39,
      "13": 21,
      "-19": 18,
      "-15": 67,
      "-16": 43,
      "-17": 22,
      "24": 6,
      "-18": 2,
      "-20": 1,
      "25": 1
    },
    "pitch_range_coverage": 46,
    "dataset_size": 1000,
    "valid_sequences": 998
  },
  "model_stats": {
    "melody_vocab_size": 19,
    "melody_contexts": 1861,
    "chord_vocab_size": 24,
    "chord_contexts": 1634
  },
  "baseline_comparison": {},
  "perplexity_improvement": 67.02937924970686
}